Lag,Runde,Planlagt_dato_ved_sesongstart,Motstander,H/B
Arsenal,1,2026-08-21,Coventry City,H
Coventry City,1,2026-08-21,Arsenal,B
Brentford,1,2026-08-21,Tottenham Hotspur,H
Tottenham Hotspur,1,2026-08-21,Brentford,B
Brighton & Hove Albion,1,2026-08-21,Aston Villa,H
Aston Villa,1,2026-08-21,Brighton & Hove Albion,B
Everton,1,2026-08-21,Crystal Palace,H
Crystal Palace,1,2026-08-21,Everton,B
Fulham,1,2026-08-21,Chelsea,H
Chelsea,1,2026-08-21,Fulham,B
Hull City,1,2026-08-21,Manchester United,H
Manchester United,1,2026-08-21,Hull City,B
Ipswich Town,1,2026-08-21,Sunderland,H
Sunderland,1,2026-08-21,Ipswich Town,B
Manchester City,1,2026-08-21,AFC Bournemouth,H
AFC Bournemouth,1,2026-08-21,Manchester City,B
Newcastle United,1,2026-08-21,Liverpool,H
Liverpool,1,2026-08-21,Newcastle United,B
Nottingham Forest,1,2026-08-21,Leeds United,H
Leeds United,1,2026-08-21,Nottingham Forest,B
AFC Bournemouth,2,2026-08-28,Everton,H
Everton,2,2026-08-28,AFC Bournemouth,B
Aston Villa,2,2026-08-28,Arsenal,H
Arsenal,2,2026-08-28,Aston Villa,B
Chelsea,2,2026-08-28,Brighton & Hove Albion,H
Brighton & Hove Albion,2,2026-08-28,Chelsea,B
Coventry City,2,2026-08-28,Hull City,H
Hull City,2,2026-08-28,Coventry City,B
Crystal Palace,2,2026-08-28,Manchester City,H
Manchester City,2,2026-08-28,Crystal Palace,B
Leeds United,2,2026-08-28,Brentford,H
Brentford,2,2026-08-28,Leeds United,B
Liverpool,2,2026-08-28,Nottingham Forest,H
Nottingham Forest,2,2026-08-28,Liverpool,B
Manchester United,2,2026-08-28,Ipswich Town,H
Ipswich Town,2,2026-08-28,Manchester United,B
Sunderland,2,2026-08-28,Fulham,H
Fulham,2,2026-08-28,Sunderland,B
Tottenham Hotspur,2,2026-08-28,Newcastle United,H
Newcastle United,2,2026-08-28,Tottenham Hotspur,B
Arsenal,3,2026-09-04,Chelsea,H
Chelsea,3,2026-09-04,Arsenal,B
Brentford,3,2026-09-04,Sunderland,H
Sunderland,3,2026-09-04,Brentford,B
Brighton & Hove Albion,3,2026-09-04,Leeds United,H
Leeds United,3,2026-09-04,Brighton & Hove Albion,B
Everton,3,2026-09-04,Manchester United,H
Manchester United,3,2026-09-04,Everton,B
Fulham,3,2026-09-04,Crystal Palace,H
Crystal Palace,3,2026-09-04,Fulham,B
Hull City,3,2026-09-04,Aston Villa,H
Aston Villa,3,2026-09-04,Hull City,B
Ipswich Town,3,2026-09-04,Liverpool,H
Liverpool,3,2026-09-04,Ipswich Town,B
Manchester City,3,2026-09-04,Coventry City,H
Coventry City,3,2026-09-04,Manchester City,B
Newcastle United,3,2026-09-04,AFC Bournemouth,H
AFC Bournemouth,3,2026-09-04,Newcastle United,B
Nottingham Forest,3,2026-09-04,Tottenham Hotspur,H
Tottenham Hotspur,3,2026-09-04,Nottingham Forest,B
AFC Bournemouth,4,2026-09-12,Brentford,H
Brentford,4,2026-09-12,AFC Bournemouth,B
Aston Villa,4,2026-09-12,Nottingham Forest,H
Nottingham Forest,4,2026-09-12,Aston Villa,B
Chelsea,4,2026-09-12,Hull City,H
Hull City,4,2026-09-12,Chelsea,B
Coventry City,4,2026-09-12,Brighton & Hove Albion,H
Brighton & Hove Albion,4,2026-09-12,Coventry City,B
Crystal Palace,4,2026-09-12,Ipswich Town,H
Ipswich Town,4,2026-09-12,Crystal Palace,B
Leeds United,4,2026-09-12,Newcastle United,H
Newcastle United,4,2026-09-12,Leeds United,B
Liverpool,4,2026-09-12,Fulham,H
Fulham,4,2026-09-12,Liverpool,B
Manchester United,4,2026-09-12,Manchester City,H
Manchester City,4,2026-09-12,Manchester United,B
Sunderland,4,2026-09-12,Arsenal,H
Arsenal,4,2026-09-12,Sunderland,B
Tottenham Hotspur,4,2026-09-12,Everton,H
Everton,4,2026-09-12,Tottenham Hotspur,B
AFC Bournemouth,5,2026-09-18,Liverpool,H
Liverpool,5,2026-09-18,AFC Bournemouth,B
Brentford,5,2026-09-18,Chelsea,H
Chelsea,5,2026-09-18,Brentford,B
Brighton & Hove Albion,5,2026-09-18,Arsenal,H
Arsenal,5,2026-09-18,Brighton & Hove Albion,B
Everton,5,2026-09-18,Ipswich Town,H
Ipswich Town,5,2026-09-18,Everton,B
Fulham,5,2026-09-18,Manchester United,H
Manchester United,5,2026-09-18,Fulham,B
Leeds United,5,2026-09-18,Crystal Palace,H
Crystal Palace,5,2026-09-18,Leeds United,B
Manchester City,5,2026-09-18,Sunderland,H
Sunderland,5,2026-09-18,Manchester City,B
Newcastle United,5,2026-09-18,Hull City,H
Hull City,5,2026-09-18,Newcastle United,B
Nottingham Forest,5,2026-09-18,Coventry City,H
Coventry City,5,2026-09-18,Nottingham Forest,B
Tottenham Hotspur,5,2026-09-18,Aston Villa,H
Aston Villa,5,2026-09-18,Tottenham Hotspur,B
Arsenal,6,2026-10-10,Leeds United,H
Leeds United,6,2026-10-10,Arsenal,B
Aston Villa,6,2026-10-10,Brentford,H
Brentford,6,2026-10-10,Aston Villa,B
Chelsea,6,2026-10-10,AFC Bournemouth,H
AFC Bournemouth,6,2026-10-10,Chelsea,B
Coventry City,6,2026-10-10,Newcastle United,H
Newcastle United,6,2026-10-10,Coventry City,B
Crystal Palace,6,2026-10-10,Nottingham Forest,H
Nottingham Forest,6,2026-10-10,Crystal Palace,B
Hull City,6,2026-10-10,Everton,H
Everton,6,2026-10-10,Hull City,B
Ipswich Town,6,2026-10-10,Fulham,H
Fulham,6,2026-10-10,Ipswich Town,B
Liverpool,6,2026-10-10,Manchester City,H
Manchester City,6,2026-10-10,Liverpool,B
Manchester United,6,2026-10-10,Tottenham Hotspur,H
Tottenham Hotspur,6,2026-10-10,Manchester United,B
Sunderland,6,2026-10-10,Brighton & Hove Albion,H
Brighton & Hove Albion,6,2026-10-10,Sunderland,B
AFC Bournemouth,7,2026-10-17,Sunderland,H
Sunderland,7,2026-10-17,AFC Bournemouth,B
Brentford,7,2026-10-17,Liverpool,H
Liverpool,7,2026-10-17,Brentford,B
Brighton & Hove Albion,7,2026-10-17,Crystal Palace,H
Crystal Palace,7,2026-10-17,Brighton & Hove Albion,B
Everton,7,2026-10-17,Chelsea,H
Chelsea,7,2026-10-17,Everton,B
Fulham,7,2026-10-17,Hull City,H
Hull City,7,2026-10-17,Fulham,B
Leeds United,7,2026-10-17,Manchester United,H
Manchester United,7,2026-10-17,Leeds United,B
Manchester City,7,2026-10-17,Ipswich Town,H
Ipswich Town,7,2026-10-17,Manchester City,B
Newcastle United,7,2026-10-17,Aston Villa,H
Aston Villa,7,2026-10-17,Newcastle United,B
Nottingham Forest,7,2026-10-17,Arsenal,H
Arsenal,7,2026-10-17,Nottingham Forest,B
Tottenham Hotspur,7,2026-10-17,Coventry City,H
Coventry City,7,2026-10-17,Tottenham Hotspur,B
Arsenal,8,2026-10-24,Everton,H
Everton,8,2026-10-24,Arsenal,B
Aston Villa,8,2026-10-24,Manchester City,H
Manchester City,8,2026-10-24,Aston Villa,B
Chelsea,8,2026-10-24,Tottenham Hotspur,H
Tottenham Hotspur,8,2026-10-24,Chelsea,B
Coventry City,8,2026-10-24,Fulham,H
Fulham,8,2026-10-24,Coventry City,B
Crystal Palace,8,2026-10-24,Newcastle United,H
Newcastle United,8,2026-10-24,Crystal Palace,B
Hull City,8,2026-10-24,Brentford,H
Brentford,8,2026-10-24,Hull City,B
Ipswich Town,8,2026-10-24,Nottingham Forest,H
Nottingham Forest,8,2026-10-24,Ipswich Town,B
Liverpool,8,2026-10-24,Brighton & Hove Albion,H
Brighton & Hove Albion,8,2026-10-24,Liverpool,B
Manchester United,8,2026-10-24,AFC Bournemouth,H
AFC Bournemouth,8,2026-10-24,Manchester United,B
Sunderland,8,2026-10-24,Leeds United,H
Leeds United,8,2026-10-24,Sunderland,B
AFC Bournemouth,9,2026-10-31,Leeds United,H
Leeds United,9,2026-10-31,AFC Bournemouth,B
Aston Villa,9,2026-10-31,Fulham,H
Fulham,9,2026-10-31,Aston Villa,B
Brentford,9,2026-10-31,Nottingham Forest,H
Nottingham Forest,9,2026-10-31,Brentford,B
Chelsea,9,2026-10-31,Manchester United,H
Manchester United,9,2026-10-31,Chelsea,B
Coventry City,9,2026-10-31,Sunderland,H
Sunderland,9,2026-10-31,Coventry City,B
Hull City,9,2026-10-31,Ipswich Town,H
Ipswich Town,9,2026-10-31,Hull City,B
Liverpool,9,2026-10-31,Arsenal,H
Arsenal,9,2026-10-31,Liverpool,B
Manchester City,9,2026-10-31,Brighton & Hove Albion,H
Brighton & Hove Albion,9,2026-10-31,Manchester City,B
Newcastle United,9,2026-10-31,Everton,H
Everton,9,2026-10-31,Newcastle United,B
Tottenham Hotspur,9,2026-10-31,Crystal Palace,H
Crystal Palace,9,2026-10-31,Tottenham Hotspur,B
Arsenal,10,2026-11-07,Hull City,H
Hull City,10,2026-11-07,Arsenal,B
Brighton & Hove Albion,10,2026-11-07,Brentford,H
Brentford,10,2026-11-07,Brighton & Hove Albion,B
Crystal Palace,10,2026-11-07,Liverpool,H
Liverpool,10,2026-11-07,Crystal Palace,B
Everton,10,2026-11-07,Coventry City,H
Coventry City,10,2026-11-07,Everton,B
Fulham,10,2026-11-07,Newcastle United,H
Newcastle United,10,2026-11-07,Fulham,B
Ipswich Town,10,2026-11-07,AFC Bournemouth,H
AFC Bournemouth,10,2026-11-07,Ipswich Town,B
Leeds United,10,2026-11-07,Tottenham Hotspur,H
Tottenham Hotspur,10,2026-11-07,Leeds United,B
Manchester United,10,2026-11-07,Aston Villa,H
Aston Villa,10,2026-11-07,Manchester United,B
Nottingham Forest,10,2026-11-07,Manchester City,H
Manchester City,10,2026-11-07,Nottingham Forest,B
Sunderland,10,2026-11-07,Chelsea,H
Chelsea,10,2026-11-07,Sunderland,B
AFC Bournemouth,11,2026-11-21,Nottingham Forest,H
Nottingham Forest,11,2026-11-21,AFC Bournemouth,B
Aston Villa,11,2026-11-21,Sunderland,H
Sunderland,11,2026-11-21,Aston Villa,B
Brentford,11,2026-11-21,Everton,H
Everton,11,2026-11-21,Brentford,B
Chelsea,11,2026-11-21,Leeds United,H
Leeds United,11,2026-11-21,Chelsea,B
Coventry City,11,2026-11-21,Crystal Palace,H
Crystal Palace,11,2026-11-21,Coventry City,B
Hull City,11,2026-11-21,Brighton & Hove Albion,H
Brighton & Hove Albion,11,2026-11-21,Hull City,B
Liverpool,11,2026-11-21,Manchester United,H
Manchester United,11,2026-11-21,Liverpool,B
Manchester City,11,2026-11-21,Fulham,H
Fulham,11,2026-11-21,Manchester City,B
Newcastle United,11,2026-11-21,Arsenal,H
Arsenal,11,2026-11-21,Newcastle United,B
Tottenham Hotspur,11,2026-11-21,Ipswich Town,H
Ipswich Town,11,2026-11-21,Tottenham Hotspur,B
Arsenal,12,2026-11-28,Manchester City,H
Manchester City,12,2026-11-28,Arsenal,B
Brighton & Hove Albion,12,2026-11-28,Newcastle United,H
Newcastle United,12,2026-11-28,Brighton & Hove Albion,B
Crystal Palace,12,2026-11-28,Hull City,H
Hull City,12,2026-11-28,Crystal Palace,B
Everton,12,2026-11-28,Liverpool,H
Liverpool,12,2026-11-28,Everton,B
Fulham,12,2026-11-28,AFC Bournemouth,H
AFC Bournemouth,12,2026-11-28,Fulham,B
Ipswich Town,12,2026-11-28,Aston Villa,H
Aston Villa,12,2026-11-28,Ipswich Town,B
Leeds United,12,2026-11-28,Coventry City,H
Coventry City,12,2026-11-28,Leeds United,B
Manchester United,12,2026-11-28,Brentford,H
Brentford,12,2026-11-28,Manchester United,B
Nottingham Forest,12,2026-11-28,Chelsea,H
Chelsea,12,2026-11-28,Nottingham Forest,B
Sunderland,12,2026-11-28,Tottenham Hotspur,H
Tottenham Hotspur,12,2026-11-28,Sunderland,B
AFC Bournemouth,13,2026-12-02,Brighton & Hove Albion,H
Brighton & Hove Albion,13,2026-12-02,AFC Bournemouth,B
Aston Villa,13,2026-12-02,Everton,H
Everton,13,2026-12-02,Aston Villa,B
Brentford,13,2026-12-02,Arsenal,H
Arsenal,13,2026-12-02,Brentford,B
Chelsea,13,2026-12-02,Crystal Palace,H
Crystal Palace,13,2026-12-02,Chelsea,B
Coventry City,13,2026-12-02,Ipswich Town,H
Ipswich Town,13,2026-12-02,Coventry City,B
Hull City,13,2026-12-02,Nottingham Forest,H
Nottingham Forest,13,2026-12-02,Hull City,B
Liverpool,13,2026-12-02,Sunderland,H
Sunderland,13,2026-12-02,Liverpool,B
Manchester City,13,2026-12-02,Leeds United,H
Leeds United,13,2026-12-02,Manchester City,B
Newcastle United,13,2026-12-02,Manchester United,H
Manchester United,13,2026-12-02,Newcastle United,B
Tottenham Hotspur,13,2026-12-02,Fulham,H
Fulham,13,2026-12-02,Tottenham Hotspur,B
AFC Bournemouth,14,2026-12-05,Hull City,H
Hull City,14,2026-12-05,AFC Bournemouth,B
Aston Villa,14,2026-12-05,Crystal Palace,H
Crystal Palace,14,2026-12-05,Aston Villa,B
Brentford,14,2026-12-05,Manchester City,H
Manchester City,14,2026-12-05,Brentford,B
Chelsea,14,2026-12-05,Liverpool,H
Liverpool,14,2026-12-05,Chelsea,B
Everton,14,2026-12-05,Fulham,H
Fulham,14,2026-12-05,Everton,B
Leeds United,14,2026-12-05,Ipswich Town,H
Ipswich Town,14,2026-12-05,Leeds United,B
Manchester United,14,2026-12-05,Coventry City,H
Coventry City,14,2026-12-05,Manchester United,B
Newcastle United,14,2026-12-05,Sunderland,H
Sunderland,14,2026-12-05,Newcastle United,B
Nottingham Forest,14,2026-12-05,Brighton & Hove Albion,H
Brighton & Hove Albion,14,2026-12-05,Nottingham Forest,B
Tottenham Hotspur,14,2026-12-05,Arsenal,H
Arsenal,14,2026-12-05,Tottenham Hotspur,B
Arsenal,15,2026-12-12,AFC Bournemouth,H
AFC Bournemouth,15,2026-12-12,Arsenal,B
Brighton & Hove Albion,15,2026-12-12,Everton,H
Everton,15,2026-12-12,Brighton & Hove Albion,B
Coventry City,15,2026-12-12,Aston Villa,H
Aston Villa,15,2026-12-12,Coventry City,B
Crystal Palace,15,2026-12-12,Manchester United,H
Manchester United,15,2026-12-12,Crystal Palace,B
Fulham,15,2026-12-12,Brentford,H
Brentford,15,2026-12-12,Fulham,B
Hull City,15,2026-12-12,Tottenham Hotspur,H
Tottenham Hotspur,15,2026-12-12,Hull City,B
Ipswich Town,15,2026-12-12,Newcastle United,H
Newcastle United,15,2026-12-12,Ipswich Town,B
Liverpool,15,2026-12-12,Leeds United,H
Leeds United,15,2026-12-12,Liverpool,B
Manchester City,15,2026-12-12,Chelsea,H
Chelsea,15,2026-12-12,Manchester City,B
Sunderland,15,2026-12-12,Nottingham Forest,H
Nottingham Forest,15,2026-12-12,Sunderland,B
AFC Bournemouth,16,2026-12-19,Coventry City,H
Coventry City,16,2026-12-19,AFC Bournemouth,B
Arsenal,16,2026-12-19,Manchester United,H
Manchester United,16,2026-12-19,Arsenal,B
Brentford,16,2026-12-19,Newcastle United,H
Newcastle United,16,2026-12-19,Brentford,B
Brighton & Hove Albion,16,2026-12-19,Ipswich Town,H
Ipswich Town,16,2026-12-19,Brighton & Hove Albion,B
Chelsea,16,2026-12-19,Aston Villa,H
Aston Villa,16,2026-12-19,Chelsea,B
Leeds United,16,2026-12-19,Fulham,H
Fulham,16,2026-12-19,Leeds United,B
Liverpool,16,2026-12-19,Tottenham Hotspur,H
Tottenham Hotspur,16,2026-12-19,Liverpool,B
Manchester City,16,2026-12-19,Hull City,H
Hull City,16,2026-12-19,Manchester City,B
Nottingham Forest,16,2026-12-19,Everton,H
Everton,16,2026-12-19,Nottingham Forest,B
Sunderland,16,2026-12-19,Crystal Palace,H
Crystal Palace,16,2026-12-19,Sunderland,B
Aston Villa,17,2026-12-26,Leeds United,H
Leeds United,17,2026-12-26,Aston Villa,B
Coventry City,17,2026-12-26,Chelsea,H
Chelsea,17,2026-12-26,Coventry City,B
Crystal Palace,17,2026-12-26,Arsenal,H
Arsenal,17,2026-12-26,Crystal Palace,B
Everton,17,2026-12-26,Sunderland,H
Sunderland,17,2026-12-26,Everton,B
Fulham,17,2026-12-26,Brighton & Hove Albion,H
Brighton & Hove Albion,17,2026-12-26,Fulham,B
Hull City,17,2026-12-26,Liverpool,H
Liverpool,17,2026-12-26,Hull City,B
Ipswich Town,17,2026-12-26,Brentford,H
Brentford,17,2026-12-26,Ipswich Town,B
Manchester United,17,2026-12-26,Nottingham Forest,H
Nottingham Forest,17,2026-12-26,Manchester United,B
Newcastle United,17,2026-12-26,Manchester City,H
Manchester City,17,2026-12-26,Newcastle United,B
Tottenham Hotspur,17,2026-12-26,AFC Bournemouth,H
AFC Bournemouth,17,2026-12-26,Tottenham Hotspur,B
Aston Villa,18,2026-12-30,Liverpool,H
Liverpool,18,2026-12-30,Aston Villa,B
Coventry City,18,2026-12-30,Brentford,H
Brentford,18,2026-12-30,Coventry City,B
Crystal Palace,18,2026-12-30,AFC Bournemouth,H
AFC Bournemouth,18,2026-12-30,Crystal Palace,B
Everton,18,2026-12-30,Manchester City,H
Manchester City,18,2026-12-30,Everton,B
Fulham,18,2026-12-30,Arsenal,H
Arsenal,18,2026-12-30,Fulham,B
Hull City,18,2026-12-30,Leeds United,H
Leeds United,18,2026-12-30,Hull City,B
Ipswich Town,18,2026-12-30,Chelsea,H
Chelsea,18,2026-12-30,Ipswich Town,B
Manchester United,18,2026-12-30,Sunderland,H
Sunderland,18,2026-12-30,Manchester United,B
Newcastle United,18,2026-12-30,Nottingham Forest,H
Nottingham Forest,18,2026-12-30,Newcastle United,B
Tottenham Hotspur,18,2026-12-30,Brighton & Hove Albion,H
Brighton & Hove Albion,18,2026-12-30,Tottenham Hotspur,B
AFC Bournemouth,19,2027-01-02,Aston Villa,H
Aston Villa,19,2027-01-02,AFC Bournemouth,B
Arsenal,19,2027-01-02,Ipswich Town,H
Ipswich Town,19,2027-01-02,Arsenal,B
Brentford,19,2027-01-02,Crystal Palace,H
Crystal Palace,19,2027-01-02,Brentford,B
Brighton & Hove Albion,19,2027-01-02,Manchester United,H
Manchester United,19,2027-01-02,Brighton & Hove Albion,B
Chelsea,19,2027-01-02,Newcastle United,H
Newcastle United,19,2027-01-02,Chelsea,B
Leeds United,19,2027-01-02,Everton,H
Everton,19,2027-01-02,Leeds United,B
Liverpool,19,2027-01-02,Coventry City,H
Coventry City,19,2027-01-02,Liverpool,B
Manchester City,19,2027-01-02,Tottenham Hotspur,H
Tottenham Hotspur,19,2027-01-02,Manchester City,B
Nottingham Forest,19,2027-01-02,Fulham,H
Fulham,19,2027-01-02,Nottingham Forest,B
Sunderland,19,2027-01-02,Hull City,H
Hull City,19,2027-01-02,Sunderland,B
Arsenal,20,2027-01-06,Brentford,H
Brentford,20,2027-01-06,Arsenal,B
Brighton & Hove Albion,20,2027-01-06,AFC Bournemouth,H
AFC Bournemouth,20,2027-01-06,Brighton & Hove Albion,B
Crystal Palace,20,2027-01-06,Chelsea,H
Chelsea,20,2027-01-06,Crystal Palace,B
Everton,20,2027-01-06,Aston Villa,H
Aston Villa,20,2027-01-06,Everton,B
Fulham,20,2027-01-06,Tottenham Hotspur,H
Tottenham Hotspur,20,2027-01-06,Fulham,B
Ipswich Town,20,2027-01-06,Coventry City,H
Coventry City,20,2027-01-06,Ipswich Town,B
Leeds United,20,2027-01-06,Manchester City,H
Manchester City,20,2027-01-06,Leeds United,B
Manchester United,20,2027-01-06,Newcastle United,H
Newcastle United,20,2027-01-06,Manchester United,B
Nottingham Forest,20,2027-01-06,Hull City,H
Hull City,20,2027-01-06,Nottingham Forest,B
Sunderland,20,2027-01-06,Liverpool,H
Liverpool,20,2027-01-06,Sunderland,B
AFC Bournemouth,21,2027-01-16,Ipswich Town,H
Ipswich Town,21,2027-01-16,AFC Bournemouth,B
Aston Villa,21,2027-01-16,Manchester United,H
Manchester United,21,2027-01-16,Aston Villa,B
Brentford,21,2027-01-16,Brighton & Hove Albion,H
Brighton & Hove Albion,21,2027-01-16,Brentford,B
Chelsea,21,2027-01-16,Sunderland,H
Sunderland,21,2027-01-16,Chelsea,B
Coventry City,21,2027-01-16,Everton,H
Everton,21,2027-01-16,Coventry City,B
Hull City,21,2027-01-16,Arsenal,H
Arsenal,21,2027-01-16,Hull City,B
Liverpool,21,2027-01-16,Crystal Palace,H
Crystal Palace,21,2027-01-16,Liverpool,B
Manchester City,21,2027-01-16,Nottingham Forest,H
Nottingham Forest,21,2027-01-16,Manchester City,B
Newcastle United,21,2027-01-16,Fulham,H
Fulham,21,2027-01-16,Newcastle United,B
Tottenham Hotspur,21,2027-01-16,Leeds United,H
Leeds United,21,2027-01-16,Tottenham Hotspur,B
Arsenal,22,2027-01-23,Newcastle United,H
Newcastle United,22,2027-01-23,Arsenal,B
Brighton & Hove Albion,22,2027-01-23,Manchester City,H
Manchester City,22,2027-01-23,Brighton & Hove Albion,B
Crystal Palace,22,2027-01-23,Tottenham Hotspur,H
Tottenham Hotspur,22,2027-01-23,Crystal Palace,B
Everton,22,2027-01-23,Brentford,H
Brentford,22,2027-01-23,Everton,B
Fulham,22,2027-01-23,Aston Villa,H
Aston Villa,22,2027-01-23,Fulham,B
Ipswich Town,22,2027-01-23,Hull City,H
Hull City,22,2027-01-23,Ipswich Town,B
Leeds United,22,2027-01-23,Chelsea,H
Chelsea,22,2027-01-23,Leeds United,B
Manchester United,22,2027-01-23,Liverpool,H
Liverpool,22,2027-01-23,Manchester United,B
Nottingham Forest,22,2027-01-23,AFC Bournemouth,H
AFC Bournemouth,22,2027-01-23,Nottingham Forest,B
Sunderland,22,2027-01-23,Coventry City,H
Coventry City,22,2027-01-23,Sunderland,B
AFC Bournemouth,23,2027-01-30,Fulham,H
Fulham,23,2027-01-30,AFC Bournemouth,B
Aston Villa,23,2027-01-30,Ipswich Town,H
Ipswich Town,23,2027-01-30,Aston Villa,B
Brentford,23,2027-01-30,Manchester United,H
Manchester United,23,2027-01-30,Brentford,B
Chelsea,23,2027-01-30,Nottingham Forest,H
Nottingham Forest,23,2027-01-30,Chelsea,B
Coventry City,23,2027-01-30,Leeds United,H
Leeds United,23,2027-01-30,Coventry City,B
Hull City,23,2027-01-30,Crystal Palace,H
Crystal Palace,23,2027-01-30,Hull City,B
Liverpool,23,2027-01-30,Everton,H
Everton,23,2027-01-30,Liverpool,B
Manchester City,23,2027-01-30,Arsenal,H
Arsenal,23,2027-01-30,Manchester City,B
Newcastle United,23,2027-01-30,Brighton & Hove Albion,H
Brighton & Hove Albion,23,2027-01-30,Newcastle United,B
Tottenham Hotspur,23,2027-01-30,Sunderland,H
Sunderland,23,2027-01-30,Tottenham Hotspur,B
Arsenal,24,2027-02-06,Liverpool,H
Liverpool,24,2027-02-06,Arsenal,B
Brighton & Hove Albion,24,2027-02-06,Hull City,H
Hull City,24,2027-02-06,Brighton & Hove Albion,B
Crystal Palace,24,2027-02-06,Coventry City,H
Coventry City,24,2027-02-06,Crystal Palace,B
Everton,24,2027-02-06,Newcastle United,H
Newcastle United,24,2027-02-06,Everton,B
Fulham,24,2027-02-06,Manchester City,H
Manchester City,24,2027-02-06,Fulham,B
Ipswich Town,24,2027-02-06,Tottenham Hotspur,H
Tottenham Hotspur,24,2027-02-06,Ipswich Town,B
Leeds United,24,2027-02-06,AFC Bournemouth,H
AFC Bournemouth,24,2027-02-06,Leeds United,B
Manchester United,24,2027-02-06,Chelsea,H
Chelsea,24,2027-02-06,Manchester United,B
Nottingham Forest,24,2027-02-06,Brentford,H
Brentford,24,2027-02-06,Nottingham Forest,B
Sunderland,24,2027-02-06,Aston Villa,H
Aston Villa,24,2027-02-06,Sunderland,B
Aston Villa,25,2027-02-10,AFC Bournemouth,H
AFC Bournemouth,25,2027-02-10,Aston Villa,B
Coventry City,25,2027-02-10,Liverpool,H
Liverpool,25,2027-02-10,Coventry City,B
Crystal Palace,25,2027-02-10,Brentford,H
Brentford,25,2027-02-10,Crystal Palace,B
Everton,25,2027-02-10,Leeds United,H
Leeds United,25,2027-02-10,Everton,B
Fulham,25,2027-02-10,Nottingham Forest,H
Nottingham Forest,25,2027-02-10,Fulham,B
Hull City,25,2027-02-10,Sunderland,H
Sunderland,25,2027-02-10,Hull City,B
Ipswich Town,25,2027-02-10,Arsenal,H
Arsenal,25,2027-02-10,Ipswich Town,B
Manchester United,25,2027-02-10,Brighton & Hove Albion,H
Brighton & Hove Albion,25,2027-02-10,Manchester United,B
Newcastle United,25,2027-02-10,Chelsea,H
Chelsea,25,2027-02-10,Newcastle United,B
Tottenham Hotspur,25,2027-02-10,Manchester City,H
Manchester City,25,2027-02-10,Tottenham Hotspur,B
AFC Bournemouth,26,2027-02-20,Crystal Palace,H
Crystal Palace,26,2027-02-20,AFC Bournemouth,B
Arsenal,26,2027-02-20,Fulham,H
Fulham,26,2027-02-20,Arsenal,B
Brentford,26,2027-02-20,Coventry City,H
Coventry City,26,2027-02-20,Brentford,B
Brighton & Hove Albion,26,2027-02-20,Tottenham Hotspur,H
Tottenham Hotspur,26,2027-02-20,Brighton & Hove Albion,B
Chelsea,26,2027-02-20,Ipswich Town,H
Ipswich Town,26,2027-02-20,Chelsea,B
Leeds United,26,2027-02-20,Aston Villa,H
Aston Villa,26,2027-02-20,Leeds United,B
Liverpool,26,2027-02-20,Hull City,H
Hull City,26,2027-02-20,Liverpool,B
Manchester City,26,2027-02-20,Newcastle United,H
Newcastle United,26,2027-02-20,Manchester City,B
Nottingham Forest,26,2027-02-20,Manchester United,H
Manchester United,26,2027-02-20,Nottingham Forest,B
Sunderland,26,2027-02-20,Everton,H
Everton,26,2027-02-20,Sunderland,B
Aston Villa,27,2027-02-27,Chelsea,H
Chelsea,27,2027-02-27,Aston Villa,B
Coventry City,27,2027-02-27,AFC Bournemouth,H
AFC Bournemouth,27,2027-02-27,Coventry City,B
Crystal Palace,27,2027-02-27,Sunderland,H
Sunderland,27,2027-02-27,Crystal Palace,B
Everton,27,2027-02-27,Nottingham Forest,H
Nottingham Forest,27,2027-02-27,Everton,B
Fulham,27,2027-02-27,Leeds United,H
Leeds United,27,2027-02-27,Fulham,B
Hull City,27,2027-02-27,Manchester City,H
Manchester City,27,2027-02-27,Hull City,B
Ipswich Town,27,2027-02-27,Brighton & Hove Albion,H
Brighton & Hove Albion,27,2027-02-27,Ipswich Town,B
Manchester United,27,2027-02-27,Arsenal,H
Arsenal,27,2027-02-27,Manchester United,B
Newcastle United,27,2027-02-27,Brentford,H
Brentford,27,2027-02-27,Newcastle United,B
Tottenham Hotspur,27,2027-02-27,Liverpool,H
Liverpool,27,2027-02-27,Tottenham Hotspur,B
AFC Bournemouth,28,2027-03-03,Tottenham Hotspur,H
Tottenham Hotspur,28,2027-03-03,AFC Bournemouth,B
Arsenal,28,2027-03-03,Crystal Palace,H
Crystal Palace,28,2027-03-03,Arsenal,B
Brentford,28,2027-03-03,Ipswich Town,H
Ipswich Town,28,2027-03-03,Brentford,B
Brighton & Hove Albion,28,2027-03-03,Fulham,H
Fulham,28,2027-03-03,Brighton & Hove Albion,B
Chelsea,28,2027-03-03,Coventry City,H
Coventry City,28,2027-03-03,Chelsea,B
Leeds United,28,2027-03-03,Hull City,H
Hull City,28,2027-03-03,Leeds United,B
Liverpool,28,2027-03-03,Aston Villa,H
Aston Villa,28,2027-03-03,Liverpool,B
Manchester City,28,2027-03-03,Everton,H
Everton,28,2027-03-03,Manchester City,B
Nottingham Forest,28,2027-03-03,Newcastle United,H
Newcastle United,28,2027-03-03,Nottingham Forest,B
Sunderland,28,2027-03-03,Manchester United,H
Manchester United,28,2027-03-03,Sunderland,B
AFC Bournemouth,29,2027-03-13,Newcastle United,H
Newcastle United,29,2027-03-13,AFC Bournemouth,B
Aston Villa,29,2027-03-13,Hull City,H
Hull City,29,2027-03-13,Aston Villa,B
Chelsea,29,2027-03-13,Arsenal,H
Arsenal,29,2027-03-13,Chelsea,B
Coventry City,29,2027-03-13,Manchester City,H
Manchester City,29,2027-03-13,Coventry City,B
Crystal Palace,29,2027-03-13,Fulham,H
Fulham,29,2027-03-13,Crystal Palace,B
Leeds United,29,2027-03-13,Brighton & Hove Albion,H
Brighton & Hove Albion,29,2027-03-13,Leeds United,B
Liverpool,29,2027-03-13,Ipswich Town,H
Ipswich Town,29,2027-03-13,Liverpool,B
Manchester United,29,2027-03-13,Everton,H
Everton,29,2027-03-13,Manchester United,B
Sunderland,29,2027-03-13,Brentford,H
Brentford,29,2027-03-13,Sunderland,B
Tottenham Hotspur,29,2027-03-13,Nottingham Forest,H
Nottingham Forest,29,2027-03-13,Tottenham Hotspur,B
Arsenal,30,2027-03-20,Sunderland,H
Sunderland,30,2027-03-20,Arsenal,B
Brentford,30,2027-03-20,AFC Bournemouth,H
AFC Bournemouth,30,2027-03-20,Brentford,B
Brighton & Hove Albion,30,2027-03-20,Coventry City,H
Coventry City,30,2027-03-20,Brighton & Hove Albion,B
Everton,30,2027-03-20,Tottenham Hotspur,H
Tottenham Hotspur,30,2027-03-20,Everton,B
Fulham,30,2027-03-20,Liverpool,H
Liverpool,30,2027-03-20,Fulham,B
Hull City,30,2027-03-20,Chelsea,H
Chelsea,30,2027-03-20,Hull City,B
Ipswich Town,30,2027-03-20,Crystal Palace,H
Crystal Palace,30,2027-03-20,Ipswich Town,B
Manchester City,30,2027-03-20,Manchester United,H
Manchester United,30,2027-03-20,Manchester City,B
Newcastle United,30,2027-03-20,Leeds United,H
Leeds United,30,2027-03-20,Newcastle United,B
Nottingham Forest,30,2027-03-20,Aston Villa,H
Aston Villa,30,2027-03-20,Nottingham Forest,B
AFC Bournemouth,31,2027-04-10,Manchester City,H
Manchester City,31,2027-04-10,AFC Bournemouth,B
Aston Villa,31,2027-04-10,Brighton & Hove Albion,H
Brighton & Hove Albion,31,2027-04-10,Aston Villa,B
Chelsea,31,2027-04-10,Fulham,H
Fulham,31,2027-04-10,Chelsea,B
Coventry City,31,2027-04-10,Arsenal,H
Arsenal,31,2027-04-10,Coventry City,B
Crystal Palace,31,2027-04-10,Everton,H
Everton,31,2027-04-10,Crystal Palace,B
Leeds United,31,2027-04-10,Nottingham Forest,H
Nottingham Forest,31,2027-04-10,Leeds United,B
Liverpool,31,2027-04-10,Newcastle United,H
Newcastle United,31,2027-04-10,Liverpool,B
Manchester United,31,2027-04-10,Hull City,H
Hull City,31,2027-04-10,Manchester United,B
Sunderland,31,2027-04-10,Ipswich Town,H
Ipswich Town,31,2027-04-10,Sunderland,B
Tottenham Hotspur,31,2027-04-10,Brentford,H
Brentford,31,2027-04-10,Tottenham Hotspur,B
Arsenal,32,2027-04-17,Aston Villa,H
Aston Villa,32,2027-04-17,Arsenal,B
Brentford,32,2027-04-17,Leeds United,H
Leeds United,32,2027-04-17,Brentford,B
Brighton & Hove Albion,32,2027-04-17,Chelsea,H
Chelsea,32,2027-04-17,Brighton & Hove Albion,B
Everton,32,2027-04-17,AFC Bournemouth,H
AFC Bournemouth,32,2027-04-17,Everton,B
Fulham,32,2027-04-17,Sunderland,H
Sunderland,32,2027-04-17,Fulham,B
Hull City,32,2027-04-17,Coventry City,H
Coventry City,32,2027-04-17,Hull City,B
Ipswich Town,32,2027-04-17,Manchester United,H
Manchester United,32,2027-04-17,Ipswich Town,B
Manchester City,32,2027-04-17,Crystal Palace,H
Crystal Palace,32,2027-04-17,Manchester City,B
Newcastle United,32,2027-04-17,Tottenham Hotspur,H
Tottenham Hotspur,32,2027-04-17,Newcastle United,B
Nottingham Forest,32,2027-04-17,Liverpool,H
Liverpool,32,2027-04-17,Nottingham Forest,B
AFC Bournemouth,33,2027-04-24,Arsenal,H
Arsenal,33,2027-04-24,AFC Bournemouth,B
Aston Villa,33,2027-04-24,Coventry City,H
Coventry City,33,2027-04-24,Aston Villa,B
Brentford,33,2027-04-24,Fulham,H
Fulham,33,2027-04-24,Brentford,B
Chelsea,33,2027-04-24,Manchester City,H
Manchester City,33,2027-04-24,Chelsea,B
Everton,33,2027-04-24,Brighton & Hove Albion,H
Brighton & Hove Albion,33,2027-04-24,Everton,B
Leeds United,33,2027-04-24,Liverpool,H
Liverpool,33,2027-04-24,Leeds United,B
Manchester United,33,2027-04-24,Crystal Palace,H
Crystal Palace,33,2027-04-24,Manchester United,B
Newcastle United,33,2027-04-24,Ipswich Town,H
Ipswich Town,33,2027-04-24,Newcastle United,B
Nottingham Forest,33,2027-04-24,Sunderland,H
Sunderland,33,2027-04-24,Nottingham Forest,B
Tottenham Hotspur,33,2027-04-24,Hull City,H
Hull City,33,2027-04-24,Tottenham Hotspur,B
Arsenal,34,2027-05-01,Tottenham Hotspur,H
Tottenham Hotspur,34,2027-05-01,Arsenal,B
Brighton & Hove Albion,34,2027-05-01,Nottingham Forest,H
Nottingham Forest,34,2027-05-01,Brighton & Hove Albion,B
Coventry City,34,2027-05-01,Manchester United,H
Manchester United,34,2027-05-01,Coventry City,B
Crystal Palace,34,2027-05-01,Aston Villa,H
Aston Villa,34,2027-05-01,Crystal Palace,B
Fulham,34,2027-05-01,Everton,H
Everton,34,2027-05-01,Fulham,B
Hull City,34,2027-05-01,AFC Bournemouth,H
AFC Bournemouth,34,2027-05-01,Hull City,B
Ipswich Town,34,2027-05-01,Leeds United,H
Leeds United,34,2027-05-01,Ipswich Town,B
Liverpool,34,2027-05-01,Chelsea,H
Chelsea,34,2027-05-01,Liverpool,B
Manchester City,34,2027-05-01,Brentford,H
Brentford,34,2027-05-01,Manchester City,B
Sunderland,34,2027-05-01,Newcastle United,H
Newcastle United,34,2027-05-01,Sunderland,B
AFC Bournemouth,35,2027-05-08,Manchester United,H
Manchester United,35,2027-05-08,AFC Bournemouth,B
Brentford,35,2027-05-08,Aston Villa,H
Aston Villa,35,2027-05-08,Brentford,B
Brighton & Hove Albion,35,2027-05-08,Sunderland,H
Sunderland,35,2027-05-08,Brighton & Hove Albion,B
Everton,35,2027-05-08,Hull City,H
Hull City,35,2027-05-08,Everton,B
Fulham,35,2027-05-08,Ipswich Town,H
Ipswich Town,35,2027-05-08,Fulham,B
Leeds United,35,2027-05-08,Arsenal,H
Arsenal,35,2027-05-08,Leeds United,B
Manchester City,35,2027-05-08,Liverpool,H
Liverpool,35,2027-05-08,Manchester City,B
Newcastle United,35,2027-05-08,Coventry City,H
Coventry City,35,2027-05-08,Newcastle United,B
Nottingham Forest,35,2027-05-08,Crystal Palace,H
Crystal Palace,35,2027-05-08,Nottingham Forest,B
Tottenham Hotspur,35,2027-05-08,Chelsea,H
Chelsea,35,2027-05-08,Tottenham Hotspur,B
Arsenal,36,2027-05-15,Nottingham Forest,H
Nottingham Forest,36,2027-05-15,Arsenal,B
Aston Villa,36,2027-05-15,Newcastle United,H
Newcastle United,36,2027-05-15,Aston Villa,B
Chelsea,36,2027-05-15,Everton,H
Everton,36,2027-05-15,Chelsea,B
Coventry City,36,2027-05-15,Tottenham Hotspur,H
Tottenham Hotspur,36,2027-05-15,Coventry City,B
Crystal Palace,36,2027-05-15,Brighton & Hove Albion,H
Brighton & Hove Albion,36,2027-05-15,Crystal Palace,B
Hull City,36,2027-05-15,Fulham,H
Fulham,36,2027-05-15,Hull City,B
Ipswich Town,36,2027-05-15,Manchester City,H
Manchester City,36,2027-05-15,Ipswich Town,B
Liverpool,36,2027-05-15,Brentford,H
Brentford,36,2027-05-15,Liverpool,B
Manchester United,36,2027-05-15,Leeds United,H
Leeds United,36,2027-05-15,Manchester United,B
Sunderland,36,2027-05-15,AFC Bournemouth,H
AFC Bournemouth,36,2027-05-15,Sunderland,B
AFC Bournemouth,37,2027-05-23,Chelsea,H
Chelsea,37,2027-05-23,AFC Bournemouth,B
Brentford,37,2027-05-23,Hull City,H
Hull City,37,2027-05-23,Brentford,B
Brighton & Hove Albion,37,2027-05-23,Liverpool,H
Liverpool,37,2027-05-23,Brighton & Hove Albion,B
Everton,37,2027-05-23,Arsenal,H
Arsenal,37,2027-05-23,Everton,B
Fulham,37,2027-05-23,Coventry City,H
Coventry City,37,2027-05-23,Fulham,B
Leeds United,37,2027-05-23,Sunderland,H
Sunderland,37,2027-05-23,Leeds United,B
Manchester City,37,2027-05-23,Aston Villa,H
Aston Villa,37,2027-05-23,Manchester City,B
Newcastle United,37,2027-05-23,Crystal Palace,H
Crystal Palace,37,2027-05-23,Newcastle United,B
Nottingham Forest,37,2027-05-23,Ipswich Town,H
Ipswich Town,37,2027-05-23,Nottingham Forest,B
Tottenham Hotspur,37,2027-05-23,Manchester United,H
Manchester United,37,2027-05-23,Tottenham Hotspur,B
Arsenal,38,2027-05-30,Brighton & Hove Albion,H
Brighton & Hove Albion,38,2027-05-30,Arsenal,B
Aston Villa,38,2027-05-30,Tottenham Hotspur,H
Tottenham Hotspur,38,2027-05-30,Aston Villa,B
Chelsea,38,2027-05-30,Brentford,H
Brentford,38,2027-05-30,Chelsea,B
Coventry City,38,2027-05-30,Nottingham Forest,H
Nottingham Forest,38,2027-05-30,Coventry City,B
Crystal Palace,38,2027-05-30,Leeds United,H
Leeds United,38,2027-05-30,Crystal Palace,B
Hull City,38,2027-05-30,Newcastle United,H
Newcastle United,38,2027-05-30,Hull City,B
Ipswich Town,38,2027-05-30,Everton,H
Everton,38,2027-05-30,Ipswich Town,B
Liverpool,38,2027-05-30,AFC Bournemouth,H
AFC Bournemouth,38,2027-05-30,Liverpool,B
Manchester United,38,2027-05-30,Fulham,H
Fulham,38,2027-05-30,Manchester United,B
Sunderland,38,2027-05-30,Manchester City,H
Manchester City,38,2027-05-30,Sunderland,B